insert into cliente values
('albertobattaglia@gmail.com','Alberto','Battaglia',5),
('zizzariantonio@alice.it','Antonio','Zizzari',2),
('simonegiglio@hotmail.com','Simone','Giglio',3),
('giancarlosavoiardo@pornhub.com','Giancarlo','Savoiardo',3),
('pinogiordy@gmail.org','Pino','Giordano',4),
('tonywindow99@virgilio.it','Antonio','Della Finestra',4),
('solo30lode@unisa.it','Andrea','Ercolino',1);

insert into account values
(1,4,'giancarlosavoiardo@pornhub.com'),
(2,1024,'tonywindow99@virgilio.it'),
(3,64,'solo30lode@unisa.it'),
(4,100,'zizzariantonio@alice.it');

insert into mcdrive values
('McDrive Afragola',5),
('McDrive Napoli',8),
('McDrive Pompei',4),
('McDrive Torre Annunziata',3);

insert into prodotti values
(1,'My selection Chicken',9),
(2,'My selection Asiago',10),
(3,'Grand Crispy McBacon',5),
(4,'Crispy McBacon',4),
(5,'Big Mac Menu',8),
(6,'McRoyal Deluxe',4),
(7,'Happy Meal',7),
(8,'Chicken Nuggets',3),
(9,'Chicken Peppers',3),
(10,'Asiago Dop & Bacon',8),
(11,'Patatine fritte',5),
(12,'Patatine chips',6),
(13,'McInsalata',4),
(14,'Gluten Free Burger',10),
(15,'McChicken',5),
(16,'McWrap',5),
(17,'Sundae al caramello',2),
(18,'Sundae al cioccolato',2),
(19,'Cono Gelato',1),
(20,'McFlurry al caramello',3),
(21,'McFlurry al cioccolato',3),
(22,'McFlurry alla fragola',3),
(23,'Milk Shake alla fragola',3),
(24,'Milk Shake alla vaniglia',3),
(25,'Milk Shake alla ciliegia',3),
(26,'Milk Shake a banana',3),
(27,'Pancake con sciroppo',2),
(28,'Cocacola',4),
(29,'Sprite',4),
(30,'Fanta Orange',4),
(31,'Fanta Lemon',4),
(32,'Acqua naturale',2),
(33,'Acqua frizzante',2),
(34,'My selection BBQ',8);

insert into scontrino values 
('2020-01-18',1,'tonywindow99@virgilio.it','McDrive Torre Annunziata'),
('2020-01-18',2,'pinogiordy@gmail.org','McDrive Afragola'),
('2020-01-18',3,'albertobattaglia@gmail.com','McDrive Napoli'),
('2020-01-15',1,'albertobattaglia@gmail.com','McDrive Torre Annunziata'),
('2020-01-15',2,'giancarlosavoiardo@pornhub.com','McDrive Pompei'),
('2020-01-15',3,'giancarlosavoiardo@pornhub.com','McDrive Pompei'),
('2020-01-12',1,'tonywindow99@virgilio.it','McDrive Torre Annunziata'),
('2020-01-12',2,'simonegiglio@hotmail.com','McDrive Napoli'),
('2020-01-12',3,'zizzariantonio@alice.it','McDrive Napoli'),
('2020-01-12',4,'simonegiglio@hotmail.com','McDrive Afragola'),
('2020-01-12',5,'pinogiordy@gmail.org','McDrive Afragola'),
('2020-01-12',6,'tonywindow99@virgilio.it','McDrive Torre Annunziata'),
('2020-01-12',7,'albertobattaglia@gmail.com','McDrive Afragola'),
('2019-12-20',1,'tonywindow99@virgilio.it','McDrive Afragola'),
('2019-12-20',2,'solo30lode@unisa.it','McDrive Pompei'),
('2019-12-20',3,'simonegiglio@hotmail.com','McDrive Afragola'),
('2019-12-20',4,'zizzariantonio@alice.it','McDrive Torre Annunziata'),
('2019-12-20',5,'pinogiordy@gmail.org','McDrive Napoli'),
('2019-12-20',6,'pinogiordy@gmail.org','McDrive Torre Annunziata'),
('2019-12-20',7,'giancarlosavoiardo@pornhub.com','McDrive Pompei'),
('2019-12-20',8,'albertobattaglia@gmail.com','McDrive Torre Annunziata'),
('2019-12-20',9,'albertobattaglia@gmail.com','McDrive Napoli');

insert into indirizzo values
('Via Napoli',84294,14,'McDrive Torre Annunziata'),
('Via Roma',88054,11,'McDrive Napoli'),
('Via XX settembre',88354,34,'McDrive Afragola'),
('Via Toledo',80478,88,'McDrive Pompei');

insert into dipendenti values
('ADFADFFBAFDH','Ciccio','D Auria','McDrive Torre Annunziata'),
('GDHDGSHSDGHS','Vincenzo','Buonafronte','McDrive Torre Annunziata'),
('DGGHSDGHSGDH','Oleg','Bilovus','McDrive Pompei'),
('CSNETTYNNTYT','Joe','Bastianich','McDrive Pompei'),
('SRFGADFGDFGG','Antonio','Sperduto','McDrive Napoli'),
('IIYKHJKVKBFH','Giovanni','Sorrentino','McDrive Napoli'),
('ASDFSGFAFGFH','Andrea','Di Chiodo','McDrive Napoli'),
('ERRTETYYTRYW','Marco','Perdente','McDrive Napoli'),
('WEYYUNGFDGNW','Ciro','Buonafronte','McDrive Napoli'),
('UIFUJENIDBVU','Simone','Cattivozzi','McDrive Afragola'),
('UEODNVODNUEG','Giuseppe','Backhome','McDrive Afragola'),
('IWOCBCSOCSBW','Antonio','Collinafusco','McDrive Afragola'),
('IWUEIFBEICVW','Alessia','Sabia','McDrive Afragola'),
('YWCFBJUWYFWB','Pamela','Casullo','McDrive Napoli'),
('YQICBSPCNWCW','Diletta','Leotta','McDrive Napoli'),
('YUQWWRIUQFFC','Emily','Ratajkowsky','McDrive Afragola'),
('UQWWRIUCADCC','Sasha','Grey','McDrive Pompei'),
('EFAEFVDFEFEF','Rafel','Drin Drin','McDrive Torre Annunziata'),
('UQIHDDWHUCUW','Simone','Flower','McDrive Pompei'),
('UWIEUHCDHEFE','Donaldo','Trumpett','McDrive Napoli');

insert into cuochi values
('ADFADFFBAFDH',2),
('GDHDGSHSDGHS',3),
('DGGHSDGHSGDH',2),
('CSNETTYNNTYT',8),
('SRFGADFGDFGG',15),
('IIYKHJKVKBFH',5),
('ASDFSGFAFGFH',1),
('ERRTETYYTRYW',4),
('WEYYUNGFDGNW',4),
('UIFUJENIDBVU',2),
('UEODNVODNUEG',7),
('IWOCBCSOCSBW',5);

insert into sportello values
('IWUEIFBEICVW','F'),
('YWCFBJUWYFWB','F'),
('YQICBSPCNWCW','F'),
('YUQWWRIUQFFC','F'),
('UQWWRIUCADCC','F'),
('EFAEFVDFEFEF','M'),
('UQIHDDWHUCUW','M'),
('UWIEUHCDHEFE','M');

insert into fornisce values
(1,'IWUEIFBEICVW'),
(2,'IWUEIFBEICVW'),
(3,'IWUEIFBEICVW'),
(4,'YWCFBJUWYFWB'),
(5,'YWCFBJUWYFWB'),
(6,'YWCFBJUWYFWB'),
(7,'YWCFBJUWYFWB'),
(8,'YQICBSPCNWCW'),
(9,'YQICBSPCNWCW'),
(10,'YQICBSPCNWCW'),
(11,'YQICBSPCNWCW'),
(12,'YQICBSPCNWCW'),
(13,'YUQWWRIUQFFC'),
(14,'YUQWWRIUQFFC'),
(15,'YUQWWRIUQFFC'),
(16,'YUQWWRIUQFFC'),
(17,'YUQWWRIUQFFC'),
(18,'UQWWRIUCADCC'),
(19,'UQWWRIUCADCC'),
(20,'UQWWRIUCADCC'),
(21,'UQWWRIUCADCC'),
(22,'EFAEFVDFEFEF'),
(23,'EFAEFVDFEFEF'),
(24,'EFAEFVDFEFEF'),
(25,'EFAEFVDFEFEF'),
(26,'UQIHDDWHUCUW'),
(27,'UQIHDDWHUCUW'),
(28,'UQIHDDWHUCUW'),
(29,'UQIHDDWHUCUW'),
(30,'UWIEUHCDHEFE'),
(31,'UWIEUHCDHEFE'),
(32,'UWIEUHCDHEFE'),
(33,'UWIEUHCDHEFE'),
(34,'IWUEIFBEICVW');

insert into possiede values
('2020-01-18',1,13,2),
('2020-01-18',2,10,2),
('2020-01-18',3,15,3),
('2020-01-15',1,8,3),
('2020-01-15',2,2,2),
('2020-01-15',3,21,1),
('2020-01-12',1,30,3),
('2020-01-12',2,10,4),
('2020-01-12',3,4,5),
('2020-01-12',4,11,2),
('2020-01-12',5,15,1),
('2020-01-12',6,16,4),
('2020-01-12',7,8,1),
('2019-12-20',1,13,1),
('2019-12-20',2,24,1),
('2019-12-20',3,11,4),
('2019-12-20',4,1,5),
('2019-12-20',5,23,7),
('2019-12-20',6,31,1),
('2019-12-20',7,4,3),
('2019-12-20',8,7,4),
('2019-12-20',9,18,2),
('2020-01-18',1,33,2),
('2020-01-18',2,9,2),
('2020-01-18',3,21,3),
('2020-01-15',1,7,3),
('2020-01-15',2,4,2),
('2020-01-15',3,32,1),
('2020-01-12',1,6,3),
('2020-01-12',2,8,4),
('2020-01-12',3,8,5),
('2020-01-12',4,8,2),
('2020-01-12',5,8,1),
('2020-01-12',6,5,4),
('2020-01-12',7,9,1),
('2019-12-20',1,1,1),
('2019-12-20',2,4,1),
('2019-12-20',3,1,4),
('2019-12-20',4,4,5),
('2019-12-20',5,15,7),
('2019-12-20',6,24,1),
('2019-12-20',7,12,3),
('2019-12-20',8,27,4),
('2019-12-20',9,11,2);

